﻿<?xml version="1.0" encoding="utf-8"?>
<!-- Translations provided by Sebastian Spreng -->
<content xml:space="preserve">

  <!-- Language independent -->
  <item id="UnsupportedVarargs">unterstützt keine Methoden, die Argumente mit variablen Längen akzeptieren.
  Der Compiler löst Methodenaufrufe dieser Art mit der selben Methode, die einen Arry-Parameter benutzt, auf.</item>
  
  <!-- C# messages -->
  <item id="UnsupportedOperator_CSharp">C# unterstützt diesen Operator nicht.</item>
  <item id="UnsupportedVarargs_CSharp">C# <include item="UnsupportedVarargs" /></item>
  
  <!-- C++ messages -->
  <item id="UnsupportedOperator_ManagedCPlusPlus">Visual C++ does not support this operator.</item>
  
  <!-- F# messages -->
  <item id="UnsupportedOperator_FSharp">F# unterstützt diesen Operator nicht.</item>
  <item id="UnsupportedCast_FSharp">F# unterstützt keine Deklaration eines neuen Casting-Operators.</item>
  <item id="UnsupportedVarargs_FSharp">F# <include item="UnsupportedVarargs" /></item>
  
  <!-- VB messages -->
	<item id="UnsupportedUnsafe_VisualBasic">Visual Basic unterstützt keine APIs, die unsichere Typen akzeptieren oder zurückgeben.</item>
  <item id="UnsupportedOperator_VisualBasic">Visual Basic unterstützt diesen Operator nicht.</item>
  <item id="UnsupportedStaticClass_VisualBasic">Visual Basic unterstützt die Deklaration statischer Klassen nicht.</item>
  <item id="UnsupportedVarargs_VisualBasic">Visual Basic <include item="UnsupportedVarargs" /></item>
  <item id="UnsupportedVarargs_VisualBasicUsage">Visual Basic <include item="UnsupportedVarargs" /></item>
  
  <!-- J# messages -->
	<item id="UnsupportedUnsafe_JSharp">J# unterstützt keine APIs, die unsichere Typen akzeptieren oder zurückgeben.</item>
	<item id="UnsupportedGeneric_JSharp">J# unterstützt generische APIs, aber nicht die Deklaration neuer APIs.</item>
	<item id="UnsupportedOperator_JSharp">J# unterstützt keine überladenen Operatoren.</item>
	<item id="UnsupportedStaticConstructor_JSharp">J# unterstützt keine statischen Konstruktoren.</item>
	<item id="UnsupportedExplicit_JSharp">J# unterstützt explizite Interface Implementierung, aber keine Deklaration neuer Implementierungen.</item>
  
  <!-- JScript messages -->
  <item id="UnsupportedUnsafe_JScript">JScript unterstützt keine APIs, die unsichere Typen akzeptieren oder zurückgeben.</item>
  <item id="UnsupportedGeneric_JScript">JScript unterstützt keine generischen Typen oder Methoden.</item>
  <item id="UnsupportedExplicit_Jscript">JScript unterstützt keine explizite Interface Implementierung.</item>
  <item id="UnsupportedOperator_JScript">JScript unterstützt keine überladenen Operatoren.</item>
  <item id="UnsupportedEvent_JScript">JScript unterstützt keine Ereignisse (Events).</item>
  <item id="UnsupportedDelegate_JScript">JScript unterstützt keine Delegaten.</item>
  <item id="UnsupportedStructure_JScript">JScript unterstützt Strukturen (structs), aber nicht die Deklaration von neuen Strukturen.</item>
  <item id="UnsupportedIndex_JScript">JScript unterstützt keine indizierten Eigenschaften.</item>
  <item id="UnsupportedCast_JScript">JScript unterstützt keine Deklaration neuer Casting Operatoren.</item>
  <item id="UnsupportedStaticConstructor_JScript">JScript unterstützt keine statischen Konstruktoren.</item>
  <item id="UnsupportedVarargs_JScript">JScript <include item="UnsupportedVarargs" /></item>
  
  <!-- JavaScript(Script#) messages-->
  <item id="UnsupportedType_ScriptSharp">Dieser Typ unterstützt die Script# Infrastruktur und kann nicht direkt von JavaScript benutzt werden.</item>
  <item id="UnsupportedUnsafe_JavaScript">JavaScript unterstützt keine APIs, die unsichere Typen akzeptieren oder zurückgeben.</item>
  <item id="UnsupportedGeneric_JavaScript">JavaScript unterstützt keine generischen Typen oder Methoden.</item>
  <item id="UnsupportedExplicit_JavaScript">JavaScript unterstützt keine explizite Interface Implementierung.</item>
  <item id="UnsupportedOperator_JavaScript">JavaScript unterstützt keine überladenen Operatoren.</item>
  <item id="UnsupportedStructure_JavaScript">JavaScript unterstützt die Benutzung von Strukturen (structs), aber nicht die Deklaration neuer Strukturen.</item>
  <item id="UnsupportedIndex_JavaScript">JavaScript unterstützt keine indizierten Eigenschaften.</item>
  <item id="UnsupportedCast_JavaScript">JavaScript unterstützt keine Deklaration neuer Casting Operatoren.</item>
  <!-- VB usages message -->
  <item id="UnsupportedUnsafe_VisualBasicUsage">Visual Basic unterstützt keine APIs, die unsichere Typen akzeptieren oder zurückgeben.</item>
  <item id="UnsupportedOperator_VisualBasicUsage">Visual Basic unterstützt diesen Operator nicht.</item>
  <item id="UnsupportedStaticClass_VisualBasicUsage">Sie müssen eine statische Klasse instanziieren, um Zugriff auf ihre Member zu erhalten.</item>
 
    	<!-- XAML Syntax Boilerplate -->
	<item id="classXamlSyntax_abstract">Diese Klasse ist abstrakt; siehe <a href="#familyToggle" onclick="OpenSection(familyToggle)"><include item="familyTitle"/></a> für eine abgeleitete nicht-abstrakte Klasse für XAML.</item>
	<item id="classXamlSyntax_excludedSubClass">Diese verwaltete Klasse wird normalerweise nicht in XAML verwendet.</item>
	<item id="classXamlSyntax_noDefaultCtor">Sie können diese Klasse nicht direkt in XAML instanziieren.</item>
	<item id="classXamlSyntax_noDefaultCtorWithTypeConverter"></item>  <!-- this item intentionally empty, per spec -->

	<item id="structXamlSyntax_nonXaml">Sie können diese verwaltete Struktur nicht in XAML verwenden.</item>
	<item id="structXamlSyntax_attributeUsage"></item>  <!-- this item intentionally empty, per spec -->

	<item id="eventXamlSyntax_parentIsExcludedSubClass">Member dieser Klasse werden entweder normalerweise nicht in XAML benutzt oder können nicht in XAML benutzt werden.</item>
	<item id="eventXamlSyntax_noXamlSyntaxForInterfaceMembers">Sie können dieses Ereignis (event) in XAML nicht benutzen.</item>
	<item id="eventXamlSyntax_nonXamlParent">Sie können dieses Ereignis (event) in XAML nicht benutzen.</item>
	<item id="eventXamlSyntax_notPublic">Sie können dieses Ereignis (event) in XAML nicht benutzen.</item>
	<item id="eventXamlSyntax_abstract">Sie können dieses Ereignis (event) in XAML nicht benutzen.</item>
	<item id="eventXamlSyntax_nonXaml">Sie können dieses Ereignis (event) in XAML nicht benutzen.</item>  <!-- this id is not currently output by SyntaxBuilder -->

	<item id="propertyXamlSyntax_parentIsExcludedSubClass">Member dieser Klasse werden entweder normalerweise nicht in XAML benutzt oder können nicht in XAML benutzt werden.</item>
	<item id="propertyXamlSyntax_noXamlSyntaxForInterfaceMembers">Sie können diese Eigenschaft in XAML nicht setzen.</item>
	<item id="propertyXamlSyntax_nonXamlParent">Sie können diese Eigenschaft in XAML nicht setzen.</item>
	<item id="propertyXamlSyntax_notPublic">Sie können diese Eigenschaft in XAML nicht setzen.</item>
	<item id="propertyXamlSyntax_abstract">Sie können diese Eigenschaft in XAML nicht setzen.</item>
	<item id="propertyXamlSyntax_readOnly">Sie können diese Eigenschaft in XAML nicht setzen.</item>
	<item id="propertyXamlSyntax_abstractType">Siehe den Typ {0} für XAML Information.</item>
	<item id="propertyXamlSyntax_nonXaml">Sie können diese Eigenschaft in XAML nicht setzen.</item>

	<!-- syntax used with all enums in xaml assemblies -->
	<item id="enumerationOverviewXamlSyntax"><span>&lt;<i>object property</i>="<i>enumerationMemberName</i>" .../&gt;</span></item>

	<!-- boilerplate used with all method, field, etc. in xaml assemblies -->
	<item id="constructorOverviewXamlSyntax">Sie können in XAML keine Konstruktoren benutzen.</item>
	<item id="methodOverviewXamlSyntax">Sie können in XAML keine Methoden benutzen.</item>
	<item id="fieldOverviewXamlSyntax">Sie können in XAML keine Felder benutzen.</item>
	<item id="delegateOverviewXamlSyntax">Sie können in XAML Delegaten benutzen, aber keine eigenen definieren.</item>
	<item id="interfaceOverviewXamlSyntax">Interfaces können in XAML nicht direkt benutzt werden; siehe Typen, die dieses Interface implementieren.</item>

	<!-- boilerplate used with all types and members in all non-xaml assemblies -->
	<item id="nonXamlAssemblyBoilerplate">Nicht anwendbar.</item>

	<!-- XAML Section Headings -->
	<item id="xamlAttributeUsageHeading">XAML Attribut Benutzung</item>
	<item id="xamlObjectElementUsageHeading">XAML Objekt Element Benutzung</item>
	<item id="xamlImplicitCollectionUsageHeading">XAML implizite Collection Benutzung</item>
	<item id="xamlPropertyElementUsageHeading">XAML Property Element Benutzung</item>
	<item id="xamlContentElementUsageHeading">XAML Content Element Benutzung</item>
	<item id="xamlValuesSectionHeading">XAML Werte</item>
	<item id="xamlSyntaxBoilerplateHeading">XAML</item>
  
</content>